empty;COUNTRY_NAME;RATING_MOODYS;RATING_MIMOSA
;Afghanistan;No Rating;2
;Albania;B1;2
;Algeria;No Rating;1
;American Samoa;No Rating;0
;Angola;Caa1;2
;Antigua and Barbuda;No Rating;0
;Argentina;Ca;0
;Armenia;Ba3;4
;Aruba;No Rating;0
;Australia;Aaa;0
;Austria;Aa1;0
;Azerbaijan;Ba2;4
;Bahamas The;No Rating;0
;Bahrain;B2;0
;Bangladesh;Ba3;0
;Barbados;Caa1;0
;Belarus;B3;3
;Belgium;Aa3;0
;Belize;Caa1;4
;Benin;B2;3
;Bermuda;A2;0
;Bhutan;No Rating;1
;Bolivia;B2;5
;Bosnia and Herzegovina;B3;3
;Botswana;A2;3
;Brazil;Ba2;2
;Brunei Darussalam;No Rating;0
;Bulgaria;Baa2;3
;Burkina Faso;No Rating;3
;Burundi;No Rating;1
;Cabo Verde;No Rating;0
;Cambodia;B2;6
;Cameroon;B2;1
;Canada;Aaa;0
;Cayman Islands;Aa3;0
;Central African Republic;No Rating;0
;Chad;No Rating;2
;Channel Islands;No Rating;0
;Chile;A1;0
;China;A1;2
;Colombia;Baa2;3
;Comoros;No Rating;0
;Congo Republic;Caa2;2
;Costa Rica;B2;2
;Croatia;Ba2;0
;Cuba;Caa2;0
;Curacao;No Rating;0
;Cyprus;Ba2;0
;Czech Republic;Aa3;0
;Denmark;Aaa;0
;Djibouti;No Rating;0
;Dominica;No Rating;3
;Dominican Republic;Ba3;3
;DRC;Caa1;2
;Ecuador;Caa3;2
;Egypt;B2;1
;El Salvador;B3;4
;Equatorial Guinea;No Rating;0
;Eritrea;No Rating;0
;Estonia;A1;0
;Eswatini;B3;0
;Ethiopia;B2;3
;Faroe Islands;No Rating;0
;Fiji;Ba3;0
;Finland;Aa1;0
;France;Aa2;0
;French Polynesia;No Rating;0
;Gabon;Caa1;1
;Gambia The;No Rating;0
;Georgia;Ba2;3
;Germany;Aaa;0
;Ghana;B3;2
;Greece;B1;0
;Greenland;No Rating;0
;Grenada;No Rating;0
;Guatemala;Ba1;3
;Guinea;No Rating;2
;Guinea-Bissau;No Rating;0
;Guyana;No Rating;0
;Haiti;No Rating;2
;Honduras;B1;2
;Hong Kong SAR China;Aa3;0
;Hungary;Baa3;0
;Iceland;A2;0
;India;Baa3;1
;Indonesia;Baa2;3
;Iran Islamic Rep.;No Rating;0
;Iraq;Caa1;1
;Ireland;A2;0
;Isle of Man;Aa2;0
;Israel;A1;0
;Italy;Baa3;0
;Ivory Coast;No Rating;2
;Jamaica;B2;2
;Japan;A1;0
;Jordan;B1;3
;Kazakhstan;Baa3;4
;Kenya;B2;5
;Kiribati;No Rating;0
;Korea Rep.;Aa2;0
;Kosovo;No Rating;0
;Kuwait;A1;0
;Kyrgyz Republic;B2;4
;Laos;Caa2;0
;Latvia;A3;0
;Lebanon;C;3
;Lesotho;No Rating;0
;Liberia;No Rating;0
;Libya;No Rating;0
;Liechtenstein;No Rating;0
;Lithuania;A3;0
;Luxembourg;Aaa;0
;Macao SAR China;No Rating;0
;Madagascar;No Rating;2
;Malawi;No Rating;3
;Malaysia;A3;4
;Maldives;B3;0
;Mali;Caa1;2
;Malta;A2;0
;Marshall Islands;No Rating;0
;Mauritania;No Rating;3
;Mauritius;Baa1;2
;Mexico;Baa1;0
;Micronesia Fed. Sts.;No Rating;0
;Moldova;B3;2
;Mongolia;B3;6
;Montenegro;B1;6
;Morocco;Ba1;2
;Mozambique;Caa2;0
;Myanmar;No Rating;5
;Namibia;Ba2;2
;Nauru;No Rating;0
;Nepal;No Rating;4
;Netherlands;Aaa;0
;New Caledonia;No Rating;0
;New Zealand;Aaa;0
;Nicaragua;B3;6
;Niger;B3;2
;Nigeria;B2;2
;North Macedonia;No Rating;0
;Norway;Aaa;0
;Oman;Ba3;0
;Pakistan;B3;1
;Palau;No Rating;0
;Palestine;No rating;1
;Panama;Baa1;2
;Papua New Guinea;B2;0
;Paraguay;Ba1;0
;Peru;A3;6
;Philippines;Baa2;3
;Poland;A2;0
;Portugal;Baa3;0
;Puerto Rico;No Rating;0
;Qatar;Aa3;0
;Romania;Baa3;2
;Russia;Baa3;2
;Rwanda;B2;2
;Samoa;No Rating;0
;Saudi Arabia;A1;0
;Senegal;Ba3;3
;Serbia;Ba3;1
;Seychelles;No Rating;0
;Sierra Leone;No Rating;3
;Singapore;Aaa;0
;Sint Maarten (Dutch part);No Rating;0
;Slovak Republic;A2;0
;Slovenia;A3;0
;Solomon Islands;B3;0
;Somalia;No Rating;0
;South Africa;Ba1;3
;South Sudan;No Rating;0
;Spain;Baa1;0
;Sri Lanka;Caa1;4
;St. Kitts and Nevis;No Rating;0
;St. Lucia;No Rating;0
;St. Vincent and the Grenadines;No Rating;0
;Sudan;No Rating;2
;Suriname;Caa3;0
;Sweden;Aaa;0
;Switzerland;Aaa;0
;Syrian Arab Republic;No Rating;0
;Tajikistan;B3;1
;Tanzania;B2;3
;Thailand;Baa1;3
;Timor-Leste;No Rating;0
;Togo;B3;2
;Tonga;No Rating;0
;Trinidad and Tobago;Ba1;0
;Tunisia;B2;2
;Turkey;B2;4
;Turkmenistan;No Rating;0
;Turks and Caicos Islands;No Rating;0
;Tuvalu;No Rating;0
;Uganda;B2;5
;Ukraine;B3;1
;United Arab Emirates;Aa2;0
;United Kingdom;Aa2;0
;Uruguay;Baa2;3
;USA;AAA;No rating
;Uzbekistan;B1;1
;Vanuatu;No Rating;0
;Venezuela RB;C;1
;Vietnam;Ba3;4
;West Bank and Gaza;No Rating;0
;Yemen Rep.;No Rating;1
;Zambia;Ca;2
;Zimbabwe;No Rating;2
