COUNTRY_NAME,RATING_MOODYS,RATING_MIMOSA
Abu Dhabi,Aa2,No Rating
Albania,B1,2
Alderney (Channel Islands),B1,No Rating
Andorra,No Rating,No Rating
Angola,Caa1,2
Argentina,Ca,No Rating
Armenia,Ba3,4
Australia,Aaa,No Rating
Austria,Aa1,No Rating
Azerbaijan,Ba2,4
Bahamas,Ba2,No Rating
Bahrain,B2,No Rating
Bangladesh,Ba3,No rating
Barbados,Caa1,No Rating
Belarus,B3,3
Belgium,Aa3,No Rating
Belize,Caa1,4
Bermuda,A2,No Rating
Bolivia,B2,5
Bosnia and Herzegovina,B3,3
Botswana,A2,3
Brazil,Ba2,2
Bulgaria,Baa2,3
Burkina Faso,No Rating,No Rating
Cambodia,B2,5
Cameroon,B2,1
Canada,Aaa,No Rating
Cayman Islands,Aa3,No Rating
Chile,A1,No Rating
China,A1,2
Colombia,Baa2,3
Costa Rica,B2,2
Cote d'Ivoire,Ba3,No Rating
Croatia,Ba2,No Rating
Cuba,Caa2,No Rating
Cyprus,Ba2,No Rating
Czech Republic,Aa3,No Rating
Democratic Republic of the Congo,Caa1,No Rating
Denmark,Aaa,No Rating
Dominican Republic,Ba3,3
DRC,Caa1,2
Ecuador,Caa3,2
Egypt,B2,1
El Salvador,B3,4
Estonia,A1,No Rating
Ethiopia,B2,3
Fiji,Ba3,No Rating
Finland,Aa1,No Rating
France,Aa2,No Rating
Gabon,Caa1,1
Georgia,Ba2,3
Germany,Aaa,No Rating
Ghana,B3,2
Greece,B1,No Rating
Guatemala,Ba1,3
Guernsey (Channel Islands),-,No Rating
Haiti,No Rating,No Rating
Honduras,B1,3
Hong Kong,Aa3,No Rating
Hungary,Baa3,No Rating
Iceland,A2,No Rating
India,Baa3,1
Indonesia,Baa2,3
Iraq,Caa1,1
Ireland,A2,No Rating
Isle of Man,Aa2,No Rating
Israel,A1,No Rating
Italy,Baa3,No Rating
Ivory Coast,No Rating,No Rating
Jamaica,B2,2
Japan,A1,No Rating
Jersey (Channel Islands),-,No Rating
Jordan,B1,3
Kazakhstan,Baa3,4
Kenya,B2,5
Korea,Aa2,No Rating
Kosovo,No Rating,No Rating
Kuwait,A1,No Rating
Kyrgyz Republic,B2,4
Kyrgyzstan,B2,No Rating
Latvia,A3,No Rating
Lebanon,C,3
Liechtenstein,No Rating,No Rating
Lithuania,A3,No Rating
Luxembourg,Aaa,No Rating
Macao,Aa3,No Rating
Malaysia,A3,4
Maldives,B3,No Rating
Mali,Caa1,No Rating
Malta,A2,No Rating
Mauritius,Baa1,2
Mexico,Baa1,No rating
Moldova,B3,2
Mongolia,B3,6
Montenegro,B1,6
Morocco,Ba1,2
Mozambique,Caa2,No Rating
Namibia,Ba2,2
Netherlands,Aaa,No Rating
New Zealand,Aaa,No Rating
Nicaragua,B3,6
Nigeria,B2,2
Norway,Aaa,No Rating
Oman,Ba3,No Rating
Pakistan,B3,1
Palestine,No Rating,No Rating
Panama,Baa1,2
Papua New Guinea,B2,No Rating
Paraguay,Ba1,No Rating
Peru,A3,No rating
Philippines,Baa2,3
Poland,A2,No Rating
Portugal,Baa3,No Rating
Qatar,Aa3,No Rating
Republic of the Congo,Caa2,No Rating
Romania,Baa3,2
Russia,Baa3,2
Rwanda,B2,2
Sark (Channel Islands),No Rating,No Rating
Saudi Arabia,A1,No Rating
Senegal,Ba3,2
Serbia,Ba3,1
Sharjah,Baa2,No Rating
Singapore,Aaa,No Rating
Sint Maarten,Baa3,No Rating
Slovakia,A2,No Rating
Slovenia,A3,No Rating
Solomon Islands,B3,No Rating
South Africa,Ba1,3
Spain,Baa1,No Rating
Sri Lanka,Caa1,4
St. Vincent & the Grenadines,B3,No Rating
Suriname,Caa3,No Rating
Swaziland,B2,No Rating
Sweden,Aaa,No Rating
Switzerland,Aaa,No Rating
Taiwan,Aa3,No Rating
Tajikistan,B3,1
Tanzania,B2,3
Thailand,Baa1,3
Togo,B3,No Rating
Trinidad and Tobago,Ba1,No Rating
Tunisia,B2,2
Turkey,B2,4
Uganda,B2,5
Ukraine,B3,1
United Arab Emirates,Aa2,No Rating
United Kingdom,Aa2,No Rating
United States of America,Aaa,No Rating
Uruguay,Baa2,3
USA,Aaa,No Rating
Venezuela,C,1
Vietnam,Ba3,4
Zambia,Ca,2
